Date,Residual
2015-06-09,0.0
2015-06-10,-1.7121583014632584
2015-06-11,-0.30417986496924243
2015-06-12,-1.9077937247785925
2015-06-15,-0.9768090331125627
2015-06-16,-0.44288471071436675
2015-06-17,-0.7631941440489314
2015-06-18,-0.09685709515563445
2015-06-19,0.02222897523754952
2015-06-23,0.9956580730729456
2015-06-24,-0.4031098294501625
2015-06-25,-0.12248362516402267
2015-06-26,0.2541724112728936
2015-06-29,-2.3945265786173806
2015-06-30,-0.5762145007055786
2015-07-01,0.5452614351160037
2015-07-02,1.01780582479034
2015-07-06,-0.7444274077112247
2015-07-07,-0.15308843970478136
2015-07-08,0.3305599071279097
2015-07-09,0.28182775747844957
2015-07-10,0.3199636651287783
2015-07-13,1.0869568234817315
2015-07-14,0.3622520277452814
2015-07-15,0.31480149226419485
2015-07-16,0.3181902330582247
2015-07-17,0.0321187922552042
2015-07-21,-0.8631013418287239
2015-07-22,-0.35810942583322714
2015-07-23,-0.14469786534554174
2015-07-24,-0.06117583176700947
2015-07-27,-0.39759199802335843
2015-07-28,-0.22738263418343507
2015-07-29,0.1539660381412844
2015-07-30,1.2394599193224494
2015-07-31,0.7555275824897123
2015-08-03,0.33303723149246167
2015-08-04,-0.20381594464905106
2015-08-05,-0.08521563709833657
2015-08-06,0.00437547481897127
2015-08-07,-1.1750755029857913
2015-08-10,0.4602446863335601
2015-08-11,-0.29130468218704664
2015-08-12,-0.8644692589916687
2015-08-13,0.47353007635345534
2015-08-14,-0.006381753342278529
2015-08-17,-0.12493709079186743
2015-08-18,0.08447210705546127
2015-08-19,-0.03269176714698219
2015-08-20,-0.9120240523017387
2015-08-21,0.033974857974829575
2015-08-24,-1.452934598105717
2015-08-25,2.02445704202605
2015-08-26,-0.5761288129802544
2015-08-27,0.9046433335017419
2015-08-28,0.2217008110972145
2015-08-31,0.2852741795518057
2015-09-01,-1.1303378726343638
2015-09-02,-0.1707125381852883
2015-09-08,0.8973364143392075
2015-09-09,0.4843308246198177
2015-09-10,-0.03771429331552412
2015-09-11,-0.3595532286051686
2015-09-14,-0.2068311364961275
2015-09-15,0.18921192326173397
2015-09-16,-0.03736279460278524
2015-09-17,-0.018280846104563153
2015-09-18,-0.2887726372077317
2015-09-24,-1.364022331313663
2015-09-25,0.39202978877378314
2015-09-28,-0.4282378349878293
2015-09-29,-0.7140832433769759
2015-09-30,0.5755783609521998
2015-10-08,0.2992055673782339
2015-10-09,-0.01340199030278555
2015-10-13,-0.2623197426231414
2015-10-14,-0.1957891728585821
2015-10-15,0.13227339799961868
2015-10-16,0.3863887850005838
2015-10-19,0.2146314185690983
2015-10-20,0.04898377389233488
2015-10-21,-0.050044679697379024
2015-10-22,0.039068209820232624
2015-10-23,0.3898566722108754
2015-10-26,-0.033184880307818077
2015-10-27,0.17555662836086583
2015-10-28,0.13813581029224054
2015-10-29,0.1097946851926217
2015-10-30,0.05078776835767229
2015-11-02,-0.4293638944516509
2015-11-04,-0.18806063578340826
2015-11-05,2.628384683121677
2015-11-06,0.9855428596407734
2015-11-09,0.27788846502122055
2015-11-10,-0.2030304474253697
2015-11-11,-0.061912581910142706
2015-11-12,-0.30759129195433843
2015-11-13,0.06299127437856811
2015-11-16,-0.3890784583851499
2015-11-17,0.781131780903543
2015-11-18,0.8327956023812746
2015-11-19,0.8741493926406037
2015-11-20,0.8349237599110779
2015-11-24,-1.4562674921888714
2015-11-25,1.1327683365429664
2015-11-27,0.7492060791570907
2015-11-30,0.18727590894282997
2015-12-01,-0.5551948052467282
2015-12-02,0.059914830960494214
2015-12-03,-0.1529836545314609
2015-12-04,-0.28921568258937214
2015-12-07,0.722888511931437
2015-12-08,-0.7370686832206061
2015-12-09,0.2870608713379923
2015-12-10,-0.5097460688609985
2015-12-11,-0.7504179178365575
2015-12-14,-0.14403011271585342
2015-12-15,0.5139488547077491
2015-12-16,0.24321706927445774
2015-12-17,1.6670900418931538
2015-12-18,0.10556416368239496
2015-12-21,-0.24612780550869218
2015-12-22,-0.03384179531160214
2015-12-24,-0.07704252745323004
2015-12-28,0.11931702335012773
2015-12-29,0.709489765660976
2015-12-30,0.24003500092040042
2016-01-04,-1.2287549575952355
2016-01-05,0.04642357417692011
2016-01-06,-0.11340629814745284
2016-01-07,-0.7860528424288091
2016-01-08,0.4598449625197105
2016-01-12,0.6288377345768694
2016-01-13,0.6200685777728623
2016-01-14,-1.8598694489723897
2016-01-15,-1.4451841086967576
2016-01-19,0.27138164094621686
2016-01-20,-1.360320117745431
2016-01-21,0.4295772383059173
2016-01-22,1.0615515161728695
2016-01-25,-0.40623600225420375
2016-01-26,-0.4318748099231229
2016-01-27,0.8626294554790164
2016-01-28,0.22062029769156055
2016-01-29,0.23550095145660777
2016-02-01,-0.5398787023452485
2016-02-02,0.5704709695091879
2016-02-03,-0.27837024226118245
2016-02-04,-0.9135182917114193
2016-02-05,-2.2995676133643634
2016-02-16,-0.4984109676113775
2016-02-17,-2.1011246256394998
2016-02-18,-0.6595543839485885
2016-02-19,-1.4411157769082052
2016-02-22,0.5061922305004458
2016-02-23,1.1828560888843214
2016-02-24,-2.3508799737622077
2016-02-25,0.1176215487855714
2016-02-26,-0.11200988765507702
2016-02-29,0.6239127159138462
2016-03-01,1.6513117912918567
2016-03-02,0.5819660352537639
2016-03-03,0.01353497676267068
2016-03-04,-0.8647893059487579
2016-03-07,-0.056953885540554694
2016-03-08,-0.6753903369340968
2016-03-09,-0.7137992172985399
2016-03-10,-0.47218828059122586
2016-03-11,0.8941659196589775
2016-03-14,1.0329745036051996
2016-03-15,-0.0879882135531922
2016-03-16,0.7913609495728764
2016-03-17,-0.0853955814110563
2016-03-18,-0.5671448715507346
2016-03-22,0.23355626706680965
2016-03-23,-0.4420696070768386
2016-03-24,-0.9690744121550487
2016-03-29,-0.37426905100431895
2016-03-30,0.6917477662420417
2016-03-31,-0.1339724637855113
2016-04-01,0.23503368456779583
2016-04-05,-1.4096466597793977
2016-04-06,-0.31241000760876503
2016-04-07,-0.10455476669354269
2016-04-08,-0.033010437702539974
2016-04-11,-0.13041105424875354
2016-04-12,0.12032647144799213
2016-04-13,1.6351658841066374
2016-04-14,0.3948902521248776
2016-04-15,-0.2591364999417216
2016-04-18,0.1656060282358922
2016-04-19,-0.4821751027266217
2016-04-20,0.33904740319469795
2016-04-21,-0.36515852907244906
2016-04-22,0.05824106933044604
2016-04-25,0.06939260101986733
2016-04-26,0.30062510026151656
2016-04-27,0.40565439476875653
2016-04-28,0.0719635871644222
2016-05-06,-0.39794248493930695
2016-05-09,0.31421869141799874
2016-05-10,0.1791538541955262
2016-05-11,-0.018668604671724154
2016-05-12,0.1799595036973436
2016-05-13,0.5020739325807462
2016-05-16,0.41943772712804517
2016-05-17,-0.09532899894279367
2016-05-18,0.11078914221450731
2016-05-19,-0.9392742047325591
2016-05-20,0.45292577880242746
2016-05-23,0.31034370986971993
2016-05-24,0.4846491061291829
2016-05-25,0.04149398201096233
2016-05-26,-0.0898061159980692
2016-05-27,0.09679535492752933
2016-05-31,-0.26313017505619385
2016-06-01,0.2308440164728367
2016-06-02,-0.04625557147347337
2016-06-03,-1.0283194467723504
2016-06-06,0.2731777623366405
2016-06-07,-0.2615818094428235
2016-06-08,-0.8858605616367043
2016-06-13,-0.7002064738737523
2016-06-14,-0.48996026667405346
2016-06-15,0.3947534841807929
2016-06-16,-0.47557108550910954
2016-06-17,-0.07110472650925104
2016-06-20,0.7905476040566697
2016-06-21,0.05638095071219951
2016-06-22,0.0485737665341297
2016-06-23,0.6404336651719298
2016-06-24,-1.1579349532616625
2016-06-27,-2.207619676680931
2016-06-28,0.5370269203370022
2016-06-29,0.1006744299186515
2016-06-30,0.1559783596525932
2016-07-01,-0.17825684589011814
2016-07-05,-1.7086412396104471
2016-07-06,-0.2545195374982612
2016-07-07,0.6164163030933238
2016-07-08,0.17147611512013583
2016-07-11,0.057907353382880444
2016-07-12,0.4218479584856283
2016-07-13,0.23147872125578672
2016-07-14,1.2270347427690567
2016-07-15,-0.3715184833925207
2016-07-19,0.13164488560244791
2016-07-20,0.6836835461586901
2016-07-21,-0.17536224325755256
2016-07-22,-0.019564167091143503
2016-07-25,0.3391643179985344
2016-07-26,0.25395907721214783
2016-07-27,0.6668154899500145
2016-07-28,1.88620906996303
2016-07-29,0.01394515130391838
2016-08-01,-0.2605073335787189
2016-08-02,0.7011457563940198
2016-08-03,0.4586481732508467
2016-08-04,0.1116027585039916
2016-08-05,0.4488959316508172
2016-08-08,0.2217186474053534
2016-08-09,0.890769753642715
2016-08-10,0.12016203683545967
2016-08-12,0.036895060800056
2016-08-15,0.06265385698947767
2016-08-16,0.1491687510685722
2016-08-17,-0.4926923874181952
2016-08-18,0.47573652012349044
2016-08-19,-0.3599486142959165
2016-08-22,-0.2788820223951447
2016-08-23,0.07419231525629755
2016-08-24,-0.2166961010972841
2016-08-25,-0.8119753038339397
2016-08-26,0.2540671485248893
2016-08-29,-0.38242086215207394
2016-08-30,-0.21889999184471165
2016-08-31,-0.49233060600629486
2016-09-01,0.18037989137915034
2016-09-02,0.2939028185256838
2016-09-06,-0.19108303157510775
2016-09-07,0.25605366158477594
2016-09-08,0.5203390534843031
2016-09-09,-0.5215767061247654
2016-09-12,-0.4104336138086424
2016-09-13,0.3132219375592804
2016-09-14,-0.3813482913583073
2016-09-20,-0.057192288330188745
2016-09-21,0.6225110341771938
2016-09-23,0.3028574826431125
2016-09-26,-0.5626121594030948
2016-09-27,-0.28208218408653707
2016-09-28,0.8336712784420648
2016-09-29,-0.11269559059732615
2016-09-30,-0.7050826522457356
2016-10-11,-1.1666110006863875
2016-10-12,-0.10433195887807756
2016-10-13,-0.1539394995633856
2016-10-14,0.6756488257849789
2016-10-17,-0.20181565817991043
2016-10-18,0.12598597504777942
2016-10-19,0.06912229858031438
2016-10-20,-0.07889046007030487
2016-10-21,-0.6193985210905879
2016-10-24,0.0916264442707373
2016-10-25,-0.13541343570978626
2016-10-26,-0.2962668899683507
2016-10-27,0.210427056227239
2016-10-28,0.21534240507738645
2016-10-31,-0.10004532963920809
2016-11-01,-0.4007884778894457
2016-11-02,-0.3561994628834597
2016-11-04,-0.5304528966317541
2016-11-07,0.21294783772076187
2016-11-08,-0.07149057634244116
2016-11-09,-1.5408247645199644
2016-11-10,2.096910645103005
2016-11-14,1.2032791951168633
2016-11-15,0.10287552655613652
2016-11-16,0.40341369476868394
2016-11-17,-0.4713739304484683
2016-11-18,0.16968196520643275
2016-11-21,-0.4884431269757279
2016-11-22,0.06286470745655848
2016-11-25,-0.5363780823368067
2016-11-28,0.08478140337340889
2016-11-29,-0.0034284437958973513
2016-11-30,0.23680286715372034
2016-12-01,-0.26915586647225354
2016-12-02,0.04647649363203854
2016-12-05,0.42751293795118883
2016-12-06,0.014538583853902054
2016-12-07,0.5144008902662769
2016-12-08,0.3822392485823478
2016-12-09,0.05728435843898083
2016-12-12,0.25674312059107507
2016-12-13,0.39941068050058703
2016-12-14,-0.24590177834133442
2016-12-15,0.5782336792071163
2016-12-16,-0.23414990894102772
2016-12-19,-0.039969882106053234
2016-12-20,0.8177369030042207
2016-12-21,-0.07081363717389166
2016-12-22,0.04566271237025887
2016-12-27,-0.0057416176763638305
2016-12-28,-0.16784006077857327
2016-12-29,-0.0623202941734462
2016-12-30,-0.17477609489526102
2017-01-04,1.9112058788545454
2017-01-05,0.1504812926076724
2017-01-06,-0.37055760189716835
2017-01-10,-0.5896337275783949
2017-01-11,0.06852713383538855
2017-01-12,0.04806937774989706
2017-01-13,1.7173195674824484
2017-01-17,-0.5169402639069247
2017-01-18,0.021276013657363535
2017-01-19,0.4789798045617957
2017-01-20,-0.45592572925548325
2017-01-23,0.5739804084032869
2017-01-24,0.20105803335020767
2017-01-25,-0.26842018327724304
2017-01-26,0.6446230378133961
2017-02-03,-1.2472696436065576
2017-02-06,-0.8197843155513596
2017-02-07,-0.19363530652167782
2017-02-08,-0.1462185600110928
2017-02-09,0.062030052666422364
2017-02-10,-0.07633696387690492
2017-02-13,0.4629964946692837
2017-02-14,0.9708698048172621
2017-02-15,-0.38373340229647823
2017-02-16,0.31874697028884214
2017-02-17,0.04309721245820697
2017-02-21,-0.45732085464544525
2017-02-22,0.2742914638385727
2017-02-23,-0.11168267967233447
2017-02-24,-0.4341745458238506
2017-02-27,-0.7316305407031152
2017-02-28,0.6468737074627882
2017-03-01,0.6182548884941212
2017-03-02,-0.16165494958510607
2017-03-03,-0.1849711240390235
2017-03-06,-0.22838140095298343
2017-03-07,-0.18219096859294126
2017-03-08,0.28506693964775565
2017-03-09,-0.019932321575005574
2017-03-10,0.21973813048030877
2017-03-13,-0.29669501539454757
2017-03-14,0.04823308211267374
2017-03-15,-0.08083849640308927
2017-03-16,0.007927914370384315
2017-03-17,-0.10176767861933911
2017-03-21,-0.16326163527875082
2017-03-22,-0.5756124978068797
2017-03-23,0.6156041880107352
2017-03-24,-0.5432819537762015
2017-03-27,-0.1017731509037958
2017-03-28,-0.022414749006934187
2017-03-29,0.28827432212248993
2017-03-30,0.5439151606698687
2017-03-31,0.06322737535963086
2017-04-05,0.9439817345180046
2017-04-06,0.21886985366018763
2017-04-07,0.08078005191329396
2017-04-10,-0.4196832554224912
2017-04-11,0.30186922118619464
2017-04-12,0.3657259080175166
2017-04-13,-0.06972474730014255
2017-04-18,0.007445173865313848
2017-04-19,0.3160909927981024
2017-04-20,-0.09018986857287103
2017-04-21,0.10668852743150836
2017-04-24,2.1469926819473812
2017-04-25,-0.5101047171093
2017-04-26,0.2676505164319849
2017-04-27,0.14870492074258124
2017-04-28,-0.09224799142791795
2017-05-02,0.693099060763835
2017-05-08,2.011289677803113
2017-05-09,-0.3009664673579877
2017-05-10,0.11866819236178827
2017-05-11,-0.4945039517123888
2017-05-12,0.5531316768355481
2017-05-15,0.3980560454677331
2017-05-16,-0.5098961324535978
2017-05-17,-0.43204258018249675
2017-05-18,-0.40197250540388296
2017-05-19,0.34944201120744367
2017-05-22,0.3432100398569773
2017-05-23,1.3465367152468986
2017-05-24,0.24525747969837397
2017-05-25,-0.18483306453965298
2017-05-26,0.0183290378237686
2017-05-31,0.4752811269305397
2017-06-01,0.5395856219490014
2017-06-02,0.7244826465711256
2017-06-05,-0.11828636434418627
2017-06-06,-1.074702639487498
2017-06-07,0.10461208108285547
2017-06-08,-0.1558151389823763
2017-06-09,0.259680814842568
2017-06-12,-0.7080548931870894
2017-06-13,0.8187315917305469
2017-06-14,-1.1192039024448093
2017-06-15,0.2617069122726363
2017-06-16,0.7055661106040176
2017-06-19,0.3360788243514534
2017-06-20,-0.14006769188692658
2017-06-21,0.08595912242331849
2017-06-22,0.07590112204725585
2017-06-23,-0.14430973976377004
2017-06-26,0.04199595359055763
2017-06-27,-0.6384079058752476
2017-06-28,0.16040107514588442
2017-06-29,-0.5970558688277308
2017-06-30,0.033265203000510724
2017-07-03,0.12436427172350761
2017-07-05,0.2768308055279505
2017-07-06,-0.2585063069033424
2017-07-07,0.13723628815863975
2017-07-10,1.0396686083022573
2017-07-12,0.04645991198552224
2017-07-13,0.3557470406871346
2017-07-14,-0.21990218764966585
2017-07-18,-0.4552480957347811
2017-07-19,0.18606655685352536
2017-07-20,0.27853601110912507
2017-07-21,-0.46771543794500303
2017-07-24,-0.10638770847113221
2017-07-25,0.3715740863508188
2017-07-26,0.5574280639934202
2017-07-27,0.025838740665527382
2017-07-28,1.044839654647518
2017-07-31,0.6404936375486301
2017-08-01,0.3980016361538006
2017-08-02,-0.07907722797755667
2017-08-03,0.14600928172264105
2017-08-04,-0.124880209625303
2017-08-07,-0.26002518679602105
2017-08-08,0.42313036207799826
2017-08-09,0.017827844583273134
2017-08-10,-0.6143858242855487
2017-08-14,-0.4965078258195703
2017-08-15,-0.2556132905771875
2017-08-16,0.6998749959175044
2017-08-17,-0.23894072344741346
2017-08-18,0.29624604471356264
2017-08-21,-0.3295509423179297
2017-08-22,0.14421641710142552
2017-08-23,-0.3438454818620684
2017-08-24,-0.1699251378021316
2017-08-25,0.0073482199518579705
2017-08-28,-0.5622937714751188
2017-08-29,-1.021108445999154
2017-08-30,1.073766017277137
2017-08-31,0.5730105089410671
2017-09-01,0.5429205940678301
2017-09-05,-0.8785176059126201
2017-09-06,0.9961534040129862
2017-09-07,-0.007257102292491879
2017-09-08,0.3614778246771948
2017-09-11,0.6763367632727366
2017-09-12,0.1959211657931661
2017-09-13,0.626733144084298
2017-09-14,0.27442355516043904
2017-09-15,0.04574137983509985
2017-09-19,0.08327245078911005
2017-09-20,-0.19837879609501385
2017-09-21,-0.014402358799237902
2017-09-22,-0.34692897446471704
2017-09-25,-0.7545746450137969
2017-09-26,-0.29810412415389465
2017-09-27,0.7469818475396295
2017-09-28,0.30923039220044046
2017-09-29,0.7433993459357424
2017-10-10,1.3542408449791523
2017-10-11,0.22387999187003516
2017-10-12,0.023460688986673972
2017-10-13,-0.7500914765833926
2017-10-16,-0.23570595155280216
2017-10-17,-0.35168713687610875
2017-10-18,0.22096762965565375
2017-10-19,0.30357188733324136
2017-10-20,0.7872349912508625
2017-10-23,0.08836024739423465
2017-10-24,-0.8027976557570895
2017-10-25,0.24176964108288246
2017-10-26,0.3145952812564303
2017-10-27,-0.7616519540904605
2017-10-30,-1.0856307951975666
2017-10-31,0.34664083813282787
2017-11-01,0.33331346983822385
2017-11-02,0.039264755709361054
2017-11-06,-0.04003324663141683
2017-11-07,-0.22067940670946484
2017-11-08,-1.3441881316155886
2017-11-09,-0.6054111537771263
2017-11-10,0.03746333659133683
2017-11-13,-0.8091696633801462
2017-11-14,0.7907910389819719
2017-11-15,-0.3834516092460518
2017-11-17,-0.21747061875731788
2017-11-20,0.41147474369980586
2017-11-21,0.32053204027543813
2017-11-22,-0.6526117300115928
2017-11-24,0.2080079591514945
2017-11-27,-0.09672104488426925
2017-11-28,0.11319846426768976
2017-11-29,0.24649685592498116
2017-11-30,1.7616484416900562
2017-12-01,-0.20932506447876165
2017-12-04,-0.15445674867796555
2017-12-05,-0.2782844510367184
2017-12-06,-0.05378461808915347
2017-12-07,0.4248008722907386
2017-12-08,0.9712287861157733
2017-12-11,0.08577788302599032
2017-12-12,-0.035108334025366617
2017-12-13,0.28217415298123427
2017-12-14,-0.4252787257311965
2017-12-15,0.20579655306173095
2017-12-18,0.49771748983388164
2017-12-19,-0.44585882360586737
2017-12-20,-0.20510014092341322
2017-12-21,0.5103039599916528
2017-12-22,-0.1823952724344906
2017-12-27,0.013135258467507072
2017-12-28,0.12219652148964144
2017-12-29,-0.3469082976071647
2018-01-04,0.6463736958886415
2018-01-05,0.7562018651134679
2018-01-09,0.06692745160184188
2018-01-10,0.24563257279861972
2018-01-11,0.5873046700227746
2018-01-12,0.03425574097219197
2018-01-16,0.07179264028172128
2018-01-17,-0.09985806185402168
2018-01-18,-0.7540880547988635
2018-01-19,0.23163504432752546
2018-01-22,-0.3356958209382981
2018-01-23,0.18770017436526132
2018-01-24,0.9600156690567303
2018-01-25,-0.23552707036335363
2018-01-26,0.18853629295849572
2018-01-29,0.18992413008191278
2018-01-30,-0.05879794113453585
2018-01-31,0.098385824749613
2018-02-01,-0.15166747414566117
2018-02-02,-0.24571432341518573
2018-02-05,-0.6409037145838141
2018-02-06,-0.30191150446730575
2018-02-07,1.6834569210400971
2018-02-08,-1.6290104305056872
2018-02-09,-0.8673034358978171
2018-02-13,0.9294955409900396
2018-02-14,0.2961496572712079
2018-02-22,2.6412939316653663
2018-02-23,0.5246971526876152
2018-02-26,-0.21094885223880055
2018-02-27,0.3412006492877211
2018-02-28,0.17298774683099793
2018-03-01,-0.21812707954812538
2018-03-02,-1.005464529123941
2018-03-05,1.2750323848873109
2018-03-06,0.9344921834966371
2018-03-07,1.0065377442891048
2018-03-08,0.22839604724092766
2018-03-09,0.4866239506111043
2018-03-12,1.0990820757216682
2018-03-13,-0.709296444831466
2018-03-14,0.22316212641676714
2018-03-15,-0.15820038280448045
2018-03-16,-0.04543861314144948
2018-03-19,-0.00025615610933726884
2018-03-20,0.29607583600873966
2018-03-22,-0.4826895088824017
2018-03-23,-0.9736049919414711
2018-03-26,0.05894911405171399
2018-03-27,1.1290446661179345
2018-03-28,-0.324236492954185
2018-03-29,-0.2317523601586231
2018-04-03,-0.6870660267243522
2018-04-04,-0.5189967608549466
2018-04-09,1.382890492693079
2018-04-10,0.015182851612692616
2018-04-11,-0.5059793708909055
2018-04-12,0.17459114093064443
2018-04-13,-0.1632848305848995
2018-04-16,-0.2965792415408899
2018-04-17,0.5586097396093308
2018-04-18,0.5277258572071233
2018-04-19,0.3155868594897555
2018-04-20,-0.24069061893989385
2018-04-23,0.10357582194568238
2018-04-24,-0.07599737396914463
2018-04-25,-1.1585439289178439
2018-04-26,0.641520137449298
2018-04-27,-0.29730188770550114
2018-05-02,1.0775943987647238
2018-05-07,-1.06448098515515
2018-05-08,-1.0835576141718875
2018-05-09,-0.02093653372332227
2018-05-10,-0.539338420648015
2018-05-11,-0.2462604792390053
2018-05-14,-1.147811982837034
2018-05-15,0.08612527243205648
2018-05-16,-0.6881823278388026
2018-05-17,0.9944885745803163
2018-05-18,0.8342289562271006
2018-05-21,-0.39989049533057397
2018-05-22,-0.11552231859155881
2018-05-23,-3.0859947066843674
2018-05-24,2.4254772334784604
2018-05-25,-0.5594634023031304
2018-05-29,-0.46706914096917984
2018-05-30,0.6776477574495701
2018-05-31,0.25217817767227757
2018-06-01,0.6081022400235909
2018-06-04,-0.1304858194642904
2018-06-05,0.8373746977527077
2018-06-06,1.2616175578678082
2018-06-07,-0.2388324272511042
2018-06-08,-0.3355216571381163
2018-06-11,0.8266668185079453
2018-06-12,0.3788461271374999
2018-06-13,1.192369221657728
2018-06-14,-0.9314267801911882
2018-06-15,-0.15071856881131396
2018-06-19,-1.135911379972093
2018-06-20,-0.07711851156697946
2018-06-21,-1.2486763236011171
2018-06-22,-0.3796440872803757
2018-06-25,-0.68416442379948
2018-06-26,0.5468151531793595
2018-06-27,0.10879503471750951
2018-06-28,-0.7774473240284223
2018-06-29,0.4612581195391243
2018-07-02,-0.7285423472207313
2018-07-03,0.5910503670870071
2018-07-05,-0.506492897749169
2018-07-06,0.6065576429373039
2018-07-09,0.15884532499560322
2018-07-10,-0.007496408057185988
2018-07-11,-0.5769371262818836
2018-07-12,0.20404163420378296
2018-07-13,-0.011081920869166595
2018-07-16,-0.550252062609836
2018-07-17,-0.3685242502909247
2018-07-18,0.5970192299780592
2018-07-19,-0.3208840323077524
2018-07-20,0.11475228330402132
2018-07-23,0.25806811225591275
2018-07-24,0.08350658936143418
2018-07-25,0.4355109421922094
2018-07-26,-0.4368286726618109
2018-07-27,-0.2744127649669963
2018-07-30,-0.31858273994487973
2018-07-31,-0.3631507867744972
2018-08-01,1.2719498480638123
2018-08-02,-0.08495817018015828
2018-08-03,-1.066858966014422
2018-08-06,0.5148278464126363
2018-08-07,-0.005033915831255342
2018-08-08,0.1753489088722091
2018-08-09,0.3587581326887985
2018-08-10,-0.045060787367283694
2018-08-13,0.05372432162746321
2018-08-14,-0.3957119408865779
2018-08-15,-1.1628206510884596
2018-08-16,-0.5522905429387208
2018-08-17,-0.1195567462871665
2018-08-20,1.3911818063966024
2018-08-21,-0.5825449179951221
2018-08-22,0.8777654538882302
2018-08-23,0.3139180291816359
2018-08-24,0.768920226216018
2018-08-27,2.2410577915261527
2018-08-28,-0.03403878240197855
2018-08-29,0.2803789558212486
2018-08-30,-0.5296866532952791
2018-08-31,-0.7227771271244734
2018-09-04,-0.4181582401548667
2018-09-05,-0.6571840916250906
2018-09-06,-0.3994652821300093
2018-09-07,-0.006196254906775778
2018-09-10,-0.2257379561049504
2018-09-11,-0.008996010196305804
2018-09-12,-0.22833254522631563
2018-09-13,-0.28140728521837843
2018-09-14,0.6049150640153513
2018-09-18,0.48641963862484516
2018-09-19,-0.08504615292054751
2018-09-20,0.0030685607470957166
2018-09-21,1.5628420760850332
2018-09-25,0.469003603501875
2018-09-26,0.7941451465007532
2018-09-27,-0.8058483449432927
2018-09-28,-0.41309972541018425
2018-10-09,-1.1824824677742285
2018-10-10,-1.0240237570865673
2018-10-11,-0.16079897716858227
2018-10-12,-0.2416341902734942
2018-10-15,0.24632700849102207
2018-10-16,0.9525450076258153
2018-10-17,0.9401190666111958
2018-10-18,-0.563979569817981
2018-10-19,-0.1249682994995851
2018-10-22,-0.5375422507125549
2018-10-23,-0.9368912126384359
2018-10-24,-0.47208634294864993
2018-10-25,0.6420083133966799
2018-10-26,-0.41470239972915124
2018-10-29,0.10960569172442547
2018-10-30,0.033291927507647756
2018-10-31,0.6053591575970145
2018-11-01,0.5769314416826177
2018-11-02,1.5169884259291422
2018-11-05,-0.6281404103126462
2018-11-06,-0.21145765494106428
2018-11-07,-0.24667430880614916
2018-11-08,-1.1520772049523487
2018-11-09,-0.682419843583574
2018-11-12,-0.2828715490461917
2018-11-13,0.7244237256121764
2018-11-14,-0.14101573688944313
2018-11-15,-0.4124217358809048
2018-11-16,0.20168565858532617
2018-11-19,-0.7232315609823985
2018-11-20,-0.604333783396811
2018-11-21,0.3276593080363881
2018-11-26,-0.3839038399710333
2018-11-27,-1.3182698956886227
2018-11-28,0.4822156302501952
2018-11-29,0.5945299464858991
2018-11-30,-0.3322496441812177
2018-12-03,0.4541461814734262
2018-12-04,-0.7658327581456845
2018-12-06,-2.2573602346997745
2018-12-07,-0.41281168989365113
2018-12-10,-0.3837769566314364
2018-12-11,-0.7441819895105155
2018-12-12,0.7897179837812942
2018-12-13,0.6587941640756725
2018-12-14,-0.2857126220799202
2018-12-17,-0.237175485682819
2018-12-18,0.1123116460721576
2018-12-19,0.38759735670967643
2018-12-20,-1.9630916682177144
2018-12-21,0.2566356532476277
2018-12-27,1.4858701644771628
2018-12-28,0.7146033466386896
2019-01-04,0.6376939460270563
2019-01-07,-0.22184606727370237
2019-01-08,0.23386926641185823
2019-01-09,0.9773446088394024
2019-01-10,0.2026215172237258
2019-01-11,0.023805073218149175
2019-01-15,1.0520979935485641
2019-01-16,-0.013135802486523573
2019-01-17,-0.49651026163068224
2019-01-18,0.9526469800066266
2019-01-22,-0.6739119091662573
2019-01-23,-0.10786854877433427
2019-01-24,1.3484415059840558
2019-01-25,0.1289153049573173
2019-01-28,-0.14236329688460359
2019-01-29,0.48209129041769927
2019-01-30,-0.5428368456889956
2019-01-31,0.025148358556869255
2019-02-01,-0.7366021755653378
2019-02-12,0.009283258558269836
2019-02-13,0.09863170705705926
2019-02-14,0.31951736700977307
2019-02-15,0.15395926423936146
2019-02-19,-0.6147093013719598
2019-02-20,-0.08615427024041367
2019-02-21,0.1820965557043408
2019-02-22,0.5849138288212856
2019-02-25,-0.3458599648532541
2019-02-26,0.27720271883463
2019-02-27,0.06116192605733062
2019-02-28,0.05120696055229246
2019-03-01,0.8610834696737371
2019-03-04,0.15434426032931015
2019-03-05,0.024772547541658696
2019-03-06,0.06303099916095789
2019-03-07,0.20206971333574586
2019-03-08,-0.5065170733129918
2019-03-11,0.1031107761966652
2019-03-12,0.013674078537420087
2019-03-13,0.7227095022954373
2019-03-14,0.5535169614634796
2019-03-15,0.21056998591804188
2019-03-18,0.2113549303866904
2019-03-19,0.21208142322120693
2019-03-20,-0.2372506622766437
2019-03-22,-0.5939818958022514
2019-03-25,-0.30597599187898794
2019-03-26,0.5877926831627605
2019-03-27,-0.293262487060467
2019-03-28,0.5004674626534751
2019-03-29,0.4677767160931836
2019-04-01,0.1039148462521311
2019-04-02,0.38352654361668925
2019-04-03,0.7877633132221291
2019-04-04,-0.5417712166755493
2019-04-08,0.46599557048156015
2019-04-09,0.30134724130302715
2019-04-10,0.4835098725767111
2019-04-11,-0.411558596903113
2019-04-12,0.38832259162864347
2019-04-15,0.20215960857926518
2019-04-16,1.6426026885849723
2019-04-17,0.13640607612788358
2019-04-18,-0.07647408816393408
2019-04-23,0.1374934284450262
2019-04-24,-0.2645590005668197
2019-04-25,0.16711760554927224
2019-04-26,0.4864420669522289
2019-05-07,0.2609120204040778
2019-05-08,0.3114188413169714
2019-05-09,-1.3873621530823286
2019-05-10,0.3265821767948438
2019-05-13,-0.05973230545694008
2019-05-14,0.6374948008374304
2019-05-15,0.4661992807144415
2019-05-16,2.301215693509718
2019-05-17,-0.20403489383882345
2019-05-20,0.10646662219499348
2019-05-21,0.8528396656555373
2019-05-23,-0.2984174590222892
2019-05-24,1.5109691394376767
2019-05-28,-0.7497483536463179
2019-05-29,-0.4084214493114544
2019-05-30,1.0400561566105537
2019-05-31,-0.07716573720518483
2019-06-03,-1.233554793959847
2019-06-04,0.5223061653375538
2019-06-05,0.6284038968554242
2019-06-06,-0.15429999925847682
2019-06-10,1.8497069542755185
2019-06-11,-0.3931627148987076
2019-06-12,-0.5454105199156061
2019-06-13,-0.7489560024031334
2019-06-14,-0.02413864657494713
2019-06-17,0.7439310682158222
2019-06-18,0.424601792520626
2019-06-19,0.30912082722671386
2019-06-20,0.6212828649114854
2019-06-21,1.718455278597716
2019-06-24,0.24336956263321952
2019-06-25,0.290647568088815
2019-06-26,-1.1710097105893666
2019-06-27,-0.32682662234386584
2019-06-28,0.5242834789077264
2019-07-01,1.2103462057569914
2019-07-02,-0.08265307500469987
2019-07-03,1.080738425436806
2019-07-05,-0.08546652088218565
2019-07-08,0.3269466584823135
2019-07-09,-0.04282380767455862
2019-07-10,0.04114780868185619
2019-07-11,0.16716646027654036
2019-07-12,0.3157329401176483
2019-07-16,0.16692076840756442
2019-07-17,0.49547935167054646
2019-07-18,-0.010283831217527961
2019-07-19,0.3048851478358401
2019-07-22,-0.8239983230332797
2019-07-23,-0.34211051521232605
2019-07-24,-0.2698108166956814
2019-07-25,0.004630430902082594
2019-07-26,0.5042985461867744
2019-07-29,-0.5778750543094091
2019-07-30,-0.40895791913498414
2019-07-31,1.5439743463261308
2019-08-01,2.3811356883053634
2019-08-02,-1.6186833847537656
2019-08-05,-2.155357968389481
2019-08-06,0.8026972882432588
2019-08-07,0.7287249163169989
2019-08-08,0.6923171423010004
2019-08-09,-0.7961847759172898
2019-08-13,-0.13430941834522514
2019-08-14,-1.357561051508199
2019-08-15,0.6070429368184875
2019-08-16,1.0009024391232941
2019-08-19,1.051080558333851
2019-08-20,-0.6501069210523767
2019-08-21,0.2835038904657594
2019-08-22,-0.5227676452299619
2019-08-23,-0.18512262675290003
2019-08-26,-0.4093171897931569
2019-08-27,0.4527559277630644
2019-08-28,0.23236840451482266
2019-08-29,1.2365645997061847
2019-08-30,0.02978015984908211
2019-09-03,0.4764432955568765
2019-09-04,-0.5578183423678666
2019-09-05,0.05716426266481278
2019-09-06,0.5160202640402503
2019-09-09,1.3439355950142442
2019-09-10,-3.773185483097066
2019-09-11,0.42477772279927706
2019-09-12,0.10742170262921036
2019-09-17,1.6227641079878623
2019-09-18,0.19930448371918885
2019-09-19,-1.1093620591573767
2019-09-20,-0.37623269551367144
2019-09-24,1.806728980206266
2019-09-25,-0.012119498897206427
2019-09-26,0.43324084802380014
2019-09-27,1.3390343207039308
2019-09-30,1.1032953255711817
2019-10-08,-2.7519860149358237
2019-10-09,0.497614008831178
2019-10-10,0.058723082033935725
2019-10-11,-1.8114164517346438
2019-10-15,3.6077543705210076
2019-10-16,-3.08327163480638
2019-10-17,0.32725434570146206
2019-10-18,0.16217800537945948
2019-10-21,-1.509967680761683
2019-10-23,-0.5870024234668065
2019-10-24,0.9876837701302961
2019-10-25,0.6235490480721921
2019-10-28,0.3230542942183945
2019-10-29,-0.21921171191296196
2019-10-30,0.14292971071986926
2019-10-31,0.6360477454630598
2019-11-01,1.8012990978313752
2019-11-05,0.282656126305767
2019-11-06,0.19738828907202333
2019-11-07,0.6912009075494581
2019-11-08,-3.0314761504962604
2019-11-11,-0.8995252248727468
2019-11-12,-0.405270066377426
2019-11-13,0.2238046996411498
2019-11-14,0.5175729373663671
2019-11-15,0.346374625008508
2019-11-18,0.5876323099817995
2019-11-19,-1.987207928395918
2019-11-20,-0.5399983117250073
2019-11-21,-1.776063829791262
2019-11-22,0.4688443147522321
2019-11-25,0.3051013901877724
2019-11-26,0.10277721935577944
2019-11-27,0.2421751718142673
2019-11-29,-0.696821693699448
2019-12-02,-1.2108435643777327
2019-12-03,0.7547600204738529
2019-12-04,1.0741704168815858
2019-12-05,0.09543555942400417
2019-12-06,-0.04327950636414357
2019-12-09,-0.17557099847022073
2019-12-10,0.17925445782996263
2019-12-11,0.8238656663753403
2019-12-12,-0.24645096973122804
2019-12-13,0.1932025282308345
2019-12-16,0.9256189171415485
2019-12-17,0.2657682310522347
2019-12-18,-0.014164724222368363
2019-12-19,0.43906796897321954
2019-12-20,1.1247129783179588
2019-12-23,0.5160568791038571
2019-12-24,0.008520352838459644
2019-12-27,0.13837769614174533
2019-12-30,-0.40685359774126084
2020-01-06,1.1158090157734932
2020-01-07,0.17785171573524394
2020-01-08,1.0021936497700352
2020-01-09,1.0596621732915708
2020-01-10,0.48405034561812954
2020-01-14,0.07152008631052809
2020-01-15,-0.0304039800754623
2020-01-16,0.6373791047541744
2020-01-17,0.4130711398564699
2020-01-21,0.19233926236903187
2020-01-22,0.7764299621441353
2020-01-23,-0.26438450487840726
2020-02-03,0.3977545710575896
2020-02-04,1.4993866468081762
2020-02-05,-0.43208727408837433
2020-02-06,0.13241748895116245
2020-02-07,0.3065016253289059
2020-02-10,-0.19384464776142352
2020-02-12,0.933480390772786
2020-02-13,0.32155280027882327
2020-02-14,-0.5494751271165939
2020-02-18,0.5175262968716794
2020-02-19,0.796606303034693
2020-02-20,-1.0488963422060351
2020-02-21,-0.0454058533747741
2020-02-25,-1.907633364599846
2020-02-26,0.13418082231025608
2020-02-27,-1.3926898667833854
2020-02-28,-2.2000809817940024
2020-03-02,0.8638901881903109
2020-03-03,2.030691183292774
2020-03-04,0.45254087842496915
2020-03-05,0.7930334360311377
2020-03-06,-4.020686182224537
2020-03-09,-1.9894499891645268
2020-03-10,-2.751060211178853
2020-03-11,0.8523534657589096
2020-03-12,-3.511631102791007
2020-03-13,-0.2476448969909697
2020-03-16,-5.3093255223699884
2020-03-17,0.4791652739256236
2020-03-18,-4.511919043033707
2020-03-19,-1.2965938845613039
2020-03-23,3.1420667356731897
2020-03-24,6.17729909370604
2020-03-25,9.90314640822617
2020-03-26,-5.418378984429538
2020-03-27,-4.444360722929005
2020-03-30,-0.14709680965856364
2020-03-31,0.676658953551815
2020-04-01,-1.5354016840677573
2020-04-02,-0.6586589027110392
2020-04-03,2.395939869487272
2020-04-07,3.3979318239263705
2020-04-08,-0.18372326772767167
2020-04-09,0.31906925640473105
2020-04-14,-0.009355586572581842
2020-04-15,-0.10344116669854486
2020-04-16,0.22120004996820342
2020-04-17,-0.15779281779195742
2020-04-20,-1.833801588182709
2020-04-21,-1.7815019789986621
2020-04-22,2.9942893371287624
2020-04-23,-1.480858861818767
2020-04-24,2.267357250374232
2020-04-27,2.5350371326380383
2020-04-28,1.7601678744995866
2020-04-30,0.10290529264530335
2020-05-07,-1.2349346117211866
2020-05-08,1.5940403242537542
2020-05-11,-0.6622806906235894
2020-05-12,-0.632726597516367
2020-05-13,-0.4111556039788127
2020-05-14,1.8261823108305748
2020-05-15,1.2280999975658489
2020-05-18,2.2447338151724807
2020-05-19,-3.78263480969774
2020-05-20,0.9555643219218695
2020-05-21,0.8507817768765165
2020-05-22,0.6123976298560478
2020-05-27,-2.3824907630528998
2020-05-28,0.7340162170115434
2020-05-29,0.4868546830012832
2020-06-01,0.25365362693290194
2020-06-02,1.0451872125463808
2020-06-03,0.7723886484992732
2020-06-04,-0.8678681811063171
2020-06-05,0.7181197410403968
2020-06-08,-1.731770239831917
2020-06-09,-2.231572506775379
2020-06-10,-0.4648745127524876
2020-06-11,-0.8399989606159721
2020-06-12,-0.05123892221230619
2020-06-15,0.41268179003631644
2020-06-16,1.1148943651813852
2020-06-17,2.3599810885020958
2020-06-18,-0.09110706799117452
2020-06-19,3.633147327233786
2020-06-22,-1.506946614496968
2020-06-23,1.4133822644620864
2020-06-24,0.08549138347146368
2020-06-29,1.228457907260264
2020-06-30,0.6847772317367316
2020-07-01,1.2784031827545306
2020-07-02,1.6827278775472507
2020-07-07,0.7220958159148552
2020-07-08,0.51152861069545
2020-07-09,-0.5927063830729224
2020-07-10,-0.9956507181440202
2020-07-13,0.9262997121462604
2020-07-14,-1.3147466974101718
2020-07-15,0.5233712172670835
2020-07-16,1.287260959990732
2020-07-17,-1.3254266481302466
2020-07-20,2.4131697000079555
2020-07-21,0.8418592165326828
2020-07-22,0.8087030361358103
2020-07-27,0.433706503068791
2020-07-28,-1.2589213753081907
2020-07-29,0.4379000228558567
2020-07-30,-0.07081396959641495
2020-07-31,1.781236293171773
2020-08-03,1.7775252381326965
2020-08-04,-2.3980901985161722
2020-08-05,0.38228208964525834
2020-08-06,-0.37621845658303243
2020-08-07,0.3614210063251875
2020-08-11,-2.625978757061148
2020-08-12,2.263779775645304
2020-08-13,2.313594782364362
2020-08-14,-0.05935924722543007
2020-08-17,1.458899063612833
2020-08-18,0.5032383401131568
2020-08-19,1.6119489072535202
2020-08-20,-1.4246547784773185
2020-08-21,0.7375202942160684
2020-08-24,0.4049548495389814
2020-08-25,0.1437525404927129
2020-08-26,0.6468711460826881
2020-08-27,-0.6977183338326114
2020-08-28,-0.043362504780077415
2020-08-31,0.2798752313527473
2020-09-01,0.5413843112457215
2020-09-02,1.3084154720502
2020-09-03,-2.7275902508845604
2020-09-04,-1.5814395049487189
2020-09-09,2.708051964399658
2020-09-10,-1.6657200283230793
2020-09-11,1.4188731384345488
2020-09-14,-2.1024109794237233
2020-09-15,0.47147902800438146
2020-09-16,-0.780246873385849
2020-09-17,-0.7163802837783635
2020-09-18,3.512068224162377
2020-09-23,-1.218905633123299
2020-09-24,-0.07982814174312125
2020-09-25,1.276193829466564
2020-09-28,1.7289763340812527
2020-09-29,1.0069195379010694
2020-09-30,1.448544543767099
2020-10-09,-7.421374309958523
2020-10-12,-2.1532914360276436
2020-10-13,0.07835208488847911
2020-10-14,1.444239900305405
2020-10-15,-1.2384524117842375
2020-10-16,1.0983635843349333
2020-10-19,-0.6274441398373085
2020-10-20,0.032088021846050196
2020-10-21,-0.9284868721994002
2020-10-22,-2.036923749198138
2020-10-23,-0.23193739545999392
2020-10-26,-1.6595083310240994
2020-10-27,0.3929524398508306
2020-10-28,-3.4752524408698093
2020-10-29,1.9601579349788523
2020-10-30,-1.1382709958142243
2020-11-02,-0.17292196704063656
2020-11-04,4.49091807617107
2020-11-05,-1.8079052535745603
2020-11-06,0.16861065074563442
2020-11-09,-1.266337280728692
2020-11-10,-3.4230359121861085
2020-11-11,1.613610443685559
2020-11-12,0.9566342276741153
2020-11-13,-0.5239634697886402
2020-11-16,-0.8665745975735746
2020-11-17,-1.1469118388284443
2020-11-18,0.42863930801649985
2020-11-19,0.7665231334836449
2020-11-20,0.23860534225897823
2020-11-24,-2.2818972214298014
2020-11-25,1.1095417416929934
2020-11-30,0.6184579245099968
2020-12-01,0.12220106171157852
2020-12-02,1.0652567715456769
2020-12-03,-0.6335533460944447
2020-12-04,-0.8005079317289869
2020-12-07,-0.14715812935996553
2020-12-08,0.2819691613354536
2020-12-09,-2.165488555182975
2020-12-10,0.5688323478359933
2020-12-11,-0.04129322028532556
2020-12-14,0.3971283736614737
2020-12-15,-0.4183864366050756
2020-12-16,-0.32072390961005226
2020-12-17,1.129945959961816
2020-12-18,1.9095631775525987
2020-12-21,-1.203967329982575
2020-12-22,1.8751687719192205
2020-12-23,0.8402294721383754
2020-12-24,-0.04925348481862102
2020-12-28,-0.3678875892802864
2020-12-29,1.2202067080508812
2020-12-30,-0.9027065924124571
2021-01-04,0.9951638058554835
2021-01-05,-1.2195263938772598
2021-01-06,-0.4180470505974654
2021-01-07,-0.691324709585345
2021-01-08,0.9398401866645543
2021-01-12,-1.1347470467134855
2021-01-13,2.718797001125793
2021-01-14,1.4609724999637166
2021-01-15,-1.4768251031991895
2021-01-20,-0.4330643457823271
2021-01-21,0.0073269001075573215
2021-01-22,-0.6339997503722969
2021-01-25,-0.18531495545711607
2021-01-26,-0.057872049522657676
2021-01-27,0.024156097292092227
2021-01-28,-0.39164568079144146
2021-01-29,-1.5015373165602455
2021-02-01,2.815807156701794
2021-02-02,2.4495458428482237
2021-02-03,-0.6519107597036538
2021-02-04,1.164590563532883
2021-02-05,-0.3326859414502934
2021-02-08,0.26803308321208874
2021-02-09,0.8139251103140168
2021-02-10,-0.7320904961933081
2021-02-18,-2.4298939365412338
2021-02-19,-0.3527329020788841
2021-02-22,0.013668993438670896
2021-02-24,-1.298149650352542
2021-02-25,-0.28590803179749
2021-02-26,-0.8688804327325812
2021-03-01,-0.42128505228340885
2021-03-02,-1.6873409110709758
2021-03-03,-1.7623852818591388
2021-03-04,-1.4508759725575544
2021-03-05,-0.4929214838302016
2021-03-08,-2.3354407961355577
2021-03-09,1.9889241967603652
2021-03-10,0.9680483440182996
2021-03-11,0.9008973813570833
2021-03-12,-1.237593925183134
2021-03-15,1.1005809130119104
2021-03-16,1.0593117685932327
2021-03-17,-0.35160054481806924
2021-03-18,-0.3267128771299497
2021-03-19,0.4213955509344345
2021-03-22,-0.026742858443569162
2021-03-23,0.13990945594844106
2021-03-24,-1.977981209000916
2021-03-25,-0.04832552659883049
2021-03-26,1.1397860813835337
2021-03-29,0.13139646223643808
2021-03-30,0.1749899863212221
2021-03-31,0.2591000735630189
2021-04-01,0.6949496522505569
2021-04-06,0.9623931598874691
2021-04-07,-0.28594620138946425
2021-04-08,0.7952284882176457
2021-04-09,0.9015454177394702
2021-04-12,-0.6124263820418605
2021-04-13,1.4767499991129398
2021-04-14,-0.2675680128172644
2021-04-15,0.14048780470622546
2021-04-16,-0.595322371304988
2021-04-19,0.40872465693185234
2021-04-20,0.4068779631305546
2021-04-21,-0.8165571769828972
2021-04-22,-0.1668427209898482
2021-04-23,-1.312349183229017
2021-04-26,-0.549576572453006
2021-04-27,-1.3174639085382438
2021-04-28,-0.5352578084494581
2021-04-30,5.874055424874271
2021-05-06,-0.9980000622567928
2021-05-07,2.141130303959301
2021-05-10,-0.2573364085614429
2021-05-11,0.9228974266896586
2021-05-12,-0.0065562378437249436
2021-05-13,-1.3139463488677308
2021-05-14,1.8312694828461815
2021-05-17,1.8419425761088917
2021-05-18,-1.0279534153473548
2021-05-19,-0.36122571928065383
2021-05-20,0.3161022743385331
2021-05-21,-0.29179642389925675
2021-05-24,2.6616974276744543
2021-05-25,0.007782470718879608
2021-05-26,-0.022504358739567465
2021-05-27,-0.40944342467524564
2021-05-28,0.7954947709100963
2021-06-02,0.852101291249511
2021-06-03,-0.5429952442322872
2021-06-04,0.836227773870931
2021-06-07,0.33396993322996593
2021-06-08,0.5226306466256716
2021-06-09,0.05730300447859804
2021-06-10,-0.7532980017641364
2021-06-11,0.25364234473988745
2021-06-15,1.4286511385272291
2021-06-16,1.0985314380837252
2021-06-17,1.1195522398689093
2021-06-18,0.46626881661363484
2021-06-21,1.0391488634923007
2021-06-22,-0.22930281405002972
2021-06-23,-0.3583190331648467
2021-06-24,0.5152927467553496
2021-06-25,-0.279304113580082
2021-06-28,-0.19889836149184248
2021-06-29,0.20832097702765395
2021-06-30,-1.0694277747032146
2021-07-01,-0.4862803879987325
2021-07-02,-0.3572506096269308
2021-07-07,1.2379059159513588
2021-07-08,-1.5375133480784342
2021-07-09,-0.4673951271810637
2021-07-12,1.0464852526392576
2021-07-13,0.13797938482343852
2021-07-14,-1.3173231910646308
2021-07-15,-0.08854475286699426
2021-07-16,-0.31285540047980476
2021-07-19,-0.4653060344718227
2021-07-20,-0.41190167939103617
2021-07-21,-0.28534153205660573
2021-07-26,0.9458177339495677
2021-07-27,-0.055551785863954706
2021-07-28,-0.2360718385830296
2021-07-29,-0.2520030375280271
2021-07-30,4.462882271903084
2021-08-02,-0.7663255020262341
2021-08-03,-1.575576490494356
2021-08-04,1.2788894990634532
2021-08-05,0.23735038339229675
2021-08-06,0.3243275653177733
2021-08-10,0.7047056145707558
2021-08-11,1.2868852513238522
2021-08-12,-0.7155946293029274
2021-08-13,0.2733276747955813
2021-08-16,0.09220499665485704
2021-08-17,2.4856607202563197
2021-08-18,1.2854470506471216
2021-08-19,0.5007780005352629
2021-08-20,0.3484589962313862
2021-08-23,0.1840815474562305
2021-08-24,-0.16184891068211016
2021-08-25,-0.4645233441921164
2021-08-26,0.36899381302374934
2021-08-27,-0.30651048480071097
2021-08-30,0.3965881424170732
2021-08-31,-0.30511059395188056
2021-09-01,1.8499333392350508
2021-09-02,1.9548452220535069
2021-09-03,0.5798428016948804
2021-09-08,-0.8382335704483097
2021-09-09,1.2728611224475515
2021-09-10,-0.6707560901711958
2021-09-13,-0.7196591289821441
2021-09-14,0.1090750886477565
2021-09-15,1.520292673574545
2021-09-16,2.124749118379853
2021-09-17,-1.872789029233445
2021-09-22,-2.04598679040069
2021-09-24,-0.5250085971513414
2021-09-27,-1.5504343063069825
2021-09-28,-1.7455974395457616
2021-09-29,0.5026145095646086
2021-09-30,-0.1768075891444454
2021-10-08,2.204943159953203
2021-10-11,-0.9737726640483686
2021-10-12,1.7230545269535895
2021-10-13,-1.4703142795104753
2021-10-14,-0.29436173350350714
2021-10-15,1.2097320910361589
2021-10-18,-0.3080395738636241
2021-10-19,1.9374283569861603
2021-10-20,-1.634115132111333
2021-10-21,1.3202172468800626
2021-10-22,0.421852496229846
2021-10-25,-1.3744243790158492
2021-10-26,-1.3282382758817874
2021-10-27,-0.04815480937251948
2021-10-28,-1.9687449481506718
2021-10-29,0.23871196490316038
2021-11-01,1.6865502158129146
2021-11-02,-0.0962102952688042
2021-11-04,1.7498543139112854
2021-11-05,-3.2951493466241146
2021-11-08,-0.9128037664168005
2021-11-09,-2.107427135758641
2021-11-10,-0.5457542209112916
2021-11-11,0.25624200244314466
2021-11-12,-0.4500339742110384
2021-11-15,1.2842631045689643
2021-11-16,-1.4787619592491978
2021-11-17,-1.5704716243120345
2021-11-18,-0.7556343454116217
2021-11-19,-0.376659805456967
2021-11-22,-0.5158050995847248
2021-11-24,-0.8315335982183285
2021-11-29,-0.5578299636646449
2021-11-30,-2.58409731919825
2021-12-01,-0.43183566037032506
2021-12-02,0.029687528108127026
2021-12-03,-0.19029507853664995
2021-12-06,-0.3540487139542563
2021-12-07,2.103380355452032
2021-12-08,-1.4480165048997549
2021-12-09,-0.18405967276112278
2021-12-10,-1.0213791632243527
2021-12-13,-0.335329066293653
2021-12-14,-0.2920651116966866
2021-12-15,0.6217711497589278
2021-12-16,2.052939550385375
2021-12-17,0.1003593159164069
2021-12-20,-1.5687276388230913
2021-12-21,1.122327017974726
2021-12-22,0.39211151948229883
2021-12-23,1.018998716821585
2021-12-27,0.8138486793478421
2021-12-28,0.29601619599093
2021-12-29,0.2491505875215978
2021-12-30,-0.5575014372468274
2022-01-04,-1.4874850989910442
2022-01-05,-0.029046274819805262
2022-01-06,0.3070330870310727
2022-01-07,-2.597917545723064
2022-01-11,-0.5166203258993392
2022-01-12,0.6284088958643821
2022-01-13,0.047050736273448024
2022-01-14,-1.251249048719913
2022-01-19,1.157572099631139
2022-01-20,1.1682822442722767
2022-01-21,-0.9127768248669383
2022-01-24,-2.9375126208516065
2022-01-25,0.6125659731261095
2022-01-26,0.4648424899206134
2022-01-27,-1.0671887721084659
2022-01-28,-0.3341351208038361
2022-02-07,0.8886151443418129
2022-02-08,-0.8609429956007801
2022-02-09,1.1945911419583837
2022-02-10,0.061067280267678825
2022-02-14,-1.9296964921691284
2022-02-15,0.09629435714450096
2022-02-16,-0.4174130739785227
2022-02-17,-0.5614704504532284
2022-02-18,-1.0390789547583097
2022-02-24,-1.249841103642055
2022-02-25,0.09832540775300913
2022-02-28,0.9740540175190517
2022-03-01,-0.8291933150462256
2022-03-02,-0.5104643786998508
2022-03-03,0.053498057513223785
2022-03-04,-1.9232529900343707
2022-03-07,0.6645099540020709
2022-03-08,-2.6332226693156002
2022-03-09,4.554853078880342
2022-03-10,-0.5473777715885717
2022-03-11,1.7681704611289604
2022-03-14,2.2487341923470012
2022-03-15,0.08985354967406067
2022-03-16,2.12048928452478
2022-03-17,-1.458505745797325
2022-03-18,2.1414768528917705
2022-03-22,-1.4962521582844062
2022-03-23,-2.1820055724363954
2022-03-24,-1.2103874718932417
2022-03-25,-0.06787943616731695
2022-03-28,0.7862490379464901
2022-03-29,-0.1559471929872842
2022-03-30,0.9328848522748956
2022-03-31,-0.41298995362768665
2022-04-01,0.589617969738228
2022-04-06,0.06870683522436138
2022-04-07,0.8664073877421004
2022-04-08,1.210320620321994
2022-04-11,-1.3607513724288935
2022-04-12,-1.690989241985946
2022-04-13,-0.7975373183114414
2022-04-14,1.06854933342629
2022-04-19,-1.8126135429264565
2022-04-20,0.18192042520175278
2022-04-21,-0.8959067014819198
2022-04-22,-0.40362719996170426
2022-04-25,-1.9312221402399672
2022-04-26,-0.6476484857004294
2022-04-27,-1.1218326551529714
2022-04-28,-0.3818217368687158
2022-05-06,-2.826523735430328
2022-05-09,-2.2880070313545673
2022-05-10,1.6060667716724737
2022-05-11,-0.9433461558637646
2022-05-12,0.5024158488153176
2022-05-13,1.001259536011247
2022-05-16,-0.37526640710662207
2022-05-17,0.6975068755857308
2022-05-18,2.6836967698817915
2022-05-19,-0.039258638811787705
2022-05-20,2.3509582263723416
2022-05-23,-1.075950546553372
2022-05-24,0.7078660046272631
2022-05-25,1.2455864158455938
2022-05-26,0.3770611868709892
2022-05-27,1.458231657945177
2022-06-01,-0.2876976014117787
2022-06-02,-0.369060858673933
2022-06-06,0.7742542143738405
2022-06-07,-0.7336862063719849
2022-06-08,-0.9074430872521901
2022-06-09,-1.9784608764735907
2022-06-10,0.18836606544429912
2022-06-13,-0.8531499048214926
2022-06-14,-1.107727850241801
2022-06-15,1.5539578549206396
2022-06-16,1.103768181236802
2022-06-17,-1.2011124453542266
2022-06-22,0.5603366660904641
2022-06-23,0.6407895043331564
2022-06-24,0.9690670267114285
2022-06-27,0.42272034298449057
2022-06-28,0.24559752987957495
2022-06-29,-0.5971553801537368
2022-06-30,0.3666409987771573
2022-07-01,-0.696411680941921
2022-07-06,-0.17143894045290153
2022-07-07,-0.45603304962492075
2022-07-08,0.08221811166117732
2022-07-11,-0.1916438216704961
2022-07-12,1.4953506352952104
2022-07-13,-0.32853671531782425
2022-07-14,-1.9847079864221229
2022-07-15,-0.6852884303815046
2022-07-19,1.1849110907285478
2022-07-20,1.1706854756606049
2022-07-21,0.6865420276503755
2022-07-22,-0.5594256755105818
2022-07-25,-0.06415522132564888
2022-07-26,-1.689386751486623
2022-07-27,-0.0006226605019179487
2022-07-28,1.5580218785113686
2022-07-29,2.1202087756636985
2022-08-01,0.42715427060004174
2022-08-02,-1.6871560681260434
2022-08-03,1.3486905821342532
2022-08-04,0.8562190552248126
2022-08-05,0.9511704322720647
2022-08-08,1.0754277457971853
2022-08-09,0.4798426292439899
2022-08-10,-0.18597085960030313
2022-08-12,-4.579324893228858
2022-08-15,0.6282487173002522
2022-08-16,-0.2580426008252914
2022-08-17,-1.3353230159296743
2022-08-18,-0.06381626439781485
2022-08-19,0.09955785209955081
2022-08-22,0.1648224647441907
2022-08-23,-0.5111511792444645
2022-08-24,0.4805511075975488
2022-08-25,-0.05750465428570806
2022-08-26,-1.345557308151541
2022-08-29,-0.50113510047575
2022-08-30,-1.0949171962633386
2022-08-31,-0.4447900214972549
2022-09-01,-1.7718338407087515
2022-09-02,2.0933825742265526
2022-09-07,-3.56520773755463
2022-09-08,-0.04241182106326846
2022-09-09,-0.44649734359470017
2022-09-13,-0.6278149873720622
2022-09-14,-0.12608875408767517
2022-09-15,-0.4903698575977842
2022-09-16,-0.5184508805560881
2022-09-20,-3.5876840100549288
2022-09-21,0.5056840273053069
2022-09-22,-2.193050481203528
2022-09-26,-0.12006115569106868
2022-09-27,0.6507288510726497
2022-09-28,0.4952406764201669
2022-09-29,-0.7954736221359795
2022-09-30,0.6708528586245137
2022-10-11,-1.6681912189197448
2022-10-12,-1.8616931493172544
2022-10-13,0.07962064534269331
2022-10-14,0.7773703584768654
2022-10-17,0.13833870460459963
2022-10-18,0.8503376701514043
2022-10-19,-0.970542800438082
2022-10-20,0.2288257296917564
2022-10-21,0.011166543803170725
2022-10-24,0.3637240400986954
2022-10-25,1.1461276223723615
2022-10-26,1.0985995995807443
2022-10-27,-0.35880320094686624
2022-10-28,0.1654989479800406
2022-10-31,-0.938354889066062
2022-11-01,0.11620624930702661
2022-11-02,-0.019434981113079175
2022-11-04,-0.020159735336285678
2022-11-07,0.9892825995977574
2022-11-08,0.09875752460256138
2022-11-09,0.31461607521603696
2022-11-10,2.5878654585376566
2022-11-11,1.6970048426785382
2022-11-14,-0.6289327652063861
2022-11-15,0.753669326758569
2022-11-16,-0.8129484395978608
2022-11-17,0.36519995355308765
2022-11-18,0.7070223041912982
2022-11-21,-0.5520665866578156
2022-11-22,0.6005155316755122
2022-11-25,0.7726734271491438
2022-11-28,0.7369188267281856
2022-11-29,0.25653188316205444
2022-11-30,0.9797412505535021
2022-12-01,1.1254735073405016
2022-12-02,0.10105520277828361
2022-12-05,-0.3265818086076564
2022-12-06,-0.9818850177128979
2022-12-07,-0.5792768141987352
2022-12-08,-1.7558373973098185
2022-12-09,0.6690394096330721
2022-12-12,-1.067515612185744
2022-12-13,1.938836790416758
2022-12-14,0.07699482929274382
2022-12-15,-1.5149572419376511
2022-12-16,-1.062714642445485
2022-12-19,-0.1052771636226737
2022-12-20,-0.6147408933703389
2022-12-21,1.0385857912744711
2022-12-22,0.3711271052785463
2022-12-23,0.08402991760470968
2022-12-27,-0.18456906668411932
2022-12-28,0.07879896180328672
2022-12-29,0.5613743404868927
2022-12-30,-1.3627432222874774
2023-01-04,2.123483415370103
2023-01-05,-1.6979077495840613
2023-01-06,0.2316921680899071
2023-01-10,1.3531438240455742
2023-01-11,2.4850074319549122
2023-01-12,-0.27119777220201513
2023-01-13,1.1165756941983176
2023-01-17,0.3723206442338096
2023-01-18,0.752579638435563
2023-01-19,-0.4939887338238833
2023-01-20,-0.33692236745612547
2023-01-30,0.7928082377805055
2023-01-31,-0.930153607343982
2023-02-01,0.1631876641621517
2023-02-02,2.2870709479515057
2023-02-03,-0.11810369407898236
2023-02-06,-0.3596913198650782
2023-02-07,-1.7929414057525435
2023-02-08,0.1481261946763226
2023-02-09,0.5203474413254696
2023-02-10,0.9905057489227289
2023-02-13,-0.050384733286918504
2023-02-14,0.9906705498296304
2023-02-15,1.1246685861176076
2023-02-16,-0.4537101935100907
2023-02-17,-0.37361959596971417
2023-02-21,-0.2937536953850639
2023-02-22,-5.526418598084504
2023-02-24,-2.206750593316883
2023-02-27,1.1963732203516884
2023-02-28,-1.3433318482303065
2023-03-01,2.574309821823263
2023-03-02,-0.16790983916537527
2023-03-03,0.6217215091823931
2023-03-06,-0.4468133277397186
2023-03-07,-0.9401168787120184
2023-03-08,-1.404432346935124
2023-03-09,0.6336055772768105
2023-03-10,-0.34270347441707827
2023-03-13,-1.7948197858162729
2023-03-14,1.1522336459332365
2023-03-15,-1.7862555570997642
2023-03-16,0.8986961377075318
2023-03-17,-1.4381578798006132
2023-03-20,0.37712632914312394
2023-03-22,0.8234318033167654
2023-03-23,1.2461941121914606
2023-03-24,-0.7970915403144829
2023-03-27,0.2920472481980312
2023-03-28,-0.5099104889346506
2023-03-29,0.5127071146186069
2023-03-30,0.39952898870672016
2023-03-31,0.9289364086388474
2023-04-03,-1.1984996526935703
2023-04-04,0.7663454791171915
2023-04-06,1.1298238570217336
2023-04-11,0.4882317367481761
2023-04-12,0.5307808475501048
2023-04-13,0.15392314671882446
2023-04-14,0.48533303498672353
2023-04-17,-1.3115919237431513
2023-04-18,0.09853664173809307
2023-04-19,0.0017475897603560497
2023-04-20,-0.3886245080856412
2023-04-21,0.909684522294981
2023-04-24,-0.031162790685883124
2023-04-25,0.5033508056868641
2023-04-26,-0.31509351316859124
2023-04-27,-0.7203931387469282
2023-04-28,0.7161121764772673
2023-05-08,-0.18947287811154467
2023-05-09,-2.4576278387622494
2023-05-10,0.1693938242673454
2023-05-11,0.5814489794242093
2023-05-12,0.36034621424001045
2023-05-15,-0.7242440802763781
2023-05-16,-0.6046180173626823
2023-05-17,-2.0664764916037655
2023-05-18,0.1518301302225069
2023-05-19,-0.8822891355414413
2023-05-22,0.747285109777124
2023-05-23,-0.013288958488615776
2023-05-24,-1.0255605318138663
2023-05-25,-1.1492386457850685
2023-05-26,0.1794376381813123
2023-05-30,-0.7479131864570476
2023-05-31,-0.6077764560544807
2023-06-02,1.0889907205619949
2023-06-05,-0.46426837336676385
2023-06-06,-0.024165334791732107
2023-06-07,0.7811474682936677
2023-06-08,0.008670015350389804
2023-06-09,-0.34321637644183767
2023-06-12,0.6450292536250615
2023-06-13,0.5652548953878238
2023-06-14,1.3280335069342328
2023-06-15,-0.19019285313981982
2023-06-16,0.43965146540868716
2023-06-20,-0.9072501551810888
2023-06-21,-0.7442352220701878
2023-06-26,-1.567367340973476
2023-06-27,-1.0084570480604427
2023-06-28,0.4769544252411393
2023-06-29,0.1580140565754533
2023-06-30,-0.22735165769680776
2023-07-03,0.222654020775245
2023-07-05,1.2856305824812395
2023-07-06,-2.7738602453367847
2023-07-07,0.13892718348399313
2023-07-10,0.057926776616483266
2023-07-11,-0.5800850544667213
2023-07-12,0.8102679798663459
2023-07-13,0.2437751438358191
2023-07-14,0.6524414006159347
2023-07-18,-0.3290516730749147
2023-07-19,0.05621105852299024
2023-07-20,0.9063522263394219
2023-07-21,-0.2185419545725864
2023-07-24,1.5173945935532274
2023-07-25,0.2076630306662537
2023-07-26,0.09972901066596762
2023-07-27,-0.009428541339829621
2023-07-28,4.780455117898228
2023-07-31,0.11190241509731891
2023-08-01,-1.675068714385148
2023-08-02,-0.25368582815750074
2023-08-03,0.22769644311470927
2023-08-04,0.4774740071940329
2023-08-08,-0.9655374042137339
2023-08-09,0.2478152814150576
2023-08-10,0.9555122567685572
